"title","country","rating","duration"
"Dick Johnson Is Dead","United States","PG-13","90 min"
"Europe's Most Dangerous Man: Otto Skorzeny in Spain",NULL,"TV-MA","67 min"
"Tughlaq Durbar",NULL,"TV-14","145 min"
"Omo Ghetto: the Saga","Nigeria","TV-MA","147 min"
"Shadow Parties",NULL,"TV-MA","117 min"
"Here and There",NULL,"TV-MA","99 min"
"Shikara","India","TV-14","115 min"
"Really Love","United States","TV-MA","95 min"
"The Old Ways","United States","TV-MA","90 min"
"A Faraway Land",NULL,"TV-PG","102 min"
"Nneka The Pretty Serpent",NULL,"TV-14","140 min"
"Out of my league",NULL,"TV-MA","92 min"
"Unroyal",NULL,"TV-MA","97 min"
"La diosa del asfalto","Mexico","TV-MA","127 min"
"Takizawa Kabuki ZERO 2020 The Movie",NULL,"TV-PG","139 min"
"Quam's Money","Nigeria","TV-MA","115 min"
"I'm Glad I Did",NULL,"TV-14","114 min"
"Sanitation Day","Nigeria","TV-14","105 min"
"Milkwater","United States","TV-MA","102 min"
"2 Weeks in Lagos",NULL,"TV-PG","107 min"
"Born to Play","United States","TV-MA","93 min"
"Finding Hubby",NULL,"TV-14","105 min"
"Clash",NULL,"TV-MA","87 min"
"Mama Drama",NULL,"TV-MA","105 min"
"Therapy",NULL,"TV-PG","85 min"
"Har Kisse Ke Hisse: Kaamyaab","India","TV-14","105 min"
"Holiday on Mars",NULL,"TV-MA","94 min"
"RattleSnake - The Ahanna Story","Nigeria","TV-MA","136 min"
"Voiceless","Nigeria","TV-MA","112 min"
"Deranged",NULL,"TV-14","98 min"
"A Way Back Home",NULL,"TV-14","82 min"
"Kambili: The Whole 30 Yards","Nigeria","TV-14","119 min"
"Fan Girl","Philippines","TV-MA","101 min"
"Silver Skates",NULL,"TV-MA","138 min"
"Rogue Warfare: Death of a Nation","United States","R","99 min"
"Picture a Scientist","United States","TV-MA","97 min"
"Small Chops","Nigeria","TV-MA","98 min"
"From Stress to Happiness","Argentina","TV-G","58 min"
"2 Hearts","United States","PG-13","101 min"
"Sam Smith: Love Goes - Live at Abbey Road Studios",NULL,"TV-G","61 min"
"Strain",NULL,"TV-MA","107 min"
"Hating Peter Tatchell","Australia","TV-MA","91 min"
"Love or Money",NULL,"TV-MA","116 min"
"The Strange House","Austria","TV-MA","100 min"
"Wave of Cinema: Filosofi Kopi",NULL,"TV-14","64 min"
"Dear Affy",NULL,"TV-14","126 min"
"Illegal Woman","Spain","TV-MA","119 min"
"In Our Mothers' Gardens","United States","TV-MA","85 min"
"Time to Dance","India","TV-PG","107 min"
"And Tomorrow the Entire World","Germany, France","TV-MA","112 min"
"Aliens Stole My Body","United States","PG","88 min"
"Sitting in Limbo","United Kingdom","TV-MA","89 min"
"One","India","TV-PG","149 min"
"One Like It","Egypt","TV-G","15 min"
"Perfume Imaginary Museum “Time Warp”",NULL,"TV-G","54 min"
"This Lady Called Life","Nigeria","TV-14","120 min"
"Wild Dog",NULL,"TV-MA","126 min"
"Rudra: Secret of the Black Moon",NULL,"TV-Y7","87 min"
"Four Sisters Before the Wedding","Philippines","TV-MA","116 min"
"Into the Beat","Germany","TV-14","102 min"
"Synchronic","United States","R","102 min"
"Dark City Beneath the Beat","United States","TV-MA","65 min"
"Wave of Cinema: One Day We'll Talk About Today",NULL,"TV-14","71 min"
"Uppena","India","TV-14","145 min"
"The Stand-In","United States","R","102 min"
"Story of Kale: When Someone's in Love","Indonesia","TV-PG","78 min"
"Coded Bias","United States, China, United Kingdom","TV-MA","86 min"
"The Fisherman's Diary","Cameroon","TV-MA","143 min"
"What Lies Below","United States","TV-MA","88 min"
"Madam Chief Minister","India","TV-14","121 min"
"Not a Game","United Kingdom","TV-MA","98 min"
"Elizabeth and Margaret: Love and Loyalty","United Kingdom","TV-PG","87 min"
"Keeping the Bees","Turkey","TV-14","93 min"
"Ni de coña","Spain","TV-MA","97 min"
"Any Crybabies Around?","Japan","TV-MA","108 min"
"Hospital","Taiwan","TV-MA","90 min"
"Jiu Jitsu","United States","R","102 min"
"Reframe THEATER EXPERIENCE with you",NULL,"TV-G","84 min"
"Who's the Boss","Nigeria","TV-MA","106 min"
"Skylines","United Kingdom, United States","R","113 min"
"The Present","United Kingdom,","TV-MA","24 min"
"Wave of Cinema: 90's Generation",NULL,"TV-PG","51 min"
"The Last Blockbuster","United States","TV-14","87 min"
"Audrey",NULL,"TV-14","101 min"
"Just In Time","Kenya","TV-G","92 min"
"Quiet",NULL,"TV-MA","103 min"
"Generasi 90an: Melankolia","Indonesia","TV-14","94 min"
"The Block Island Sound","United States","TV-MA","99 min"
"Fate of Alakada","Nigeria","TV-14","113 min"
"Mariposa","Indonesia","TV-14","116 min"
"Indoo Ki Jawani","India","TV-14","115 min"
"Blue, Painful, Fragile","Japan","TV-14","119 min"
"Made You Look: A True Story About Fake Art","Canada","TV-14","90 min"
"Classmates Minus","Taiwan","TV-MA","123 min"
"Wave of Cinema: Surat dari Timur",NULL,"TV-G","58 min"
"Love","India","TV-14","91 min"
"Monsoon","United Kingdom","TV-MA","85 min"
"Layla Majnun","Indonesia","TV-14","119 min"
"Monster Run","China","TV-14","104 min"
"Little Big Women","Taiwan","TV-14","123 min"
"The Last Paradiso","Italy","TV-MA","107 min"
"All My Friends Are Dead","Poland","TV-MA","97 min"
"Black Beach","Spain, Belgium, United States","TV-MA","116 min"
"Our Lady of San Juan, Four Centuries of Miracles","Mexico","TV-PG","123 min"
"Fatima","Portugal, United States","PG-13","113 min"
"Kilometers and Kilometers","India","TV-MA","127 min"
"So My Grandma’s a Lesbian!","Portugal, Spain","TV-MA","95 min"
"Friendsgiving","United States","R","95 min"
"The Shadow of Violence","United Kingdom, Ireland","R","101 min"
"Cut Throat City","United States","R","123 min"
"Sightless","United States","TV-14","89 min"
"Death of Me","United States, Thailand","R","94 min"
"Double Dad","Brazil","TV-G","105 min"
"The Vanished","United States","R","115 min"
"The Heartbreak Club","Indonesia","TV-14","101 min"
"100% Halal","Indonesia","TV-14","101 min"
"Pieces of a Woman","Canada, Hungary, United States","R","128 min"
"Tony Parker: The Final Shot","France","TV-14","99 min"
"Asphalt Burning","Norway","TV-14","101 min"
"Full Out 2: You Got This!","United States","TV-Y","91 min"
"Best of Stand-Up 2020",NULL,"TV-MA","77 min"
"Tarung Sarung","Indonesia","TV-PG","116 min"
"The Rope Curse 2","Taiwan","TV-MA","105 min"
"Cops and Robbers","United States","PG-13","8 min"
"Death to 2020","United States","TV-MA","71 min"
"DNA","France, Algeria","TV-MA","91 min"
"The Magic School Bus Rides Again In the Zone","Canada","TV-Y","46 min"
"AK vs AK","India","TV-MA","109 min"
"We Can Be Heroes","United States","PG","101 min"
"The Midnight Sky","United States","PG-13","119 min"
"Your Name Engraved Herein","Taiwan","TV-MA","115 min"
"After We Collided","United States","R","105 min"
"London Hughes: To Catch a D*ck","United States","TV-MA","68 min"
"QLIMAX THE SOURCE","Netherlands","TV-14","57 min"
"Shaun the Sheep: The Farmer’s Llamas","United Kingdom","TV-Y","28 min"
"Ariana grande: excuse me, i love you","United States","TV-MA","98 min"
"Rhys Nicholson Live at the Athenaeum","United Kingdom","TV-MA","66 min"
"Guest House","United States","R","84 min"
"Ma Rainey's Black Bottom","United States","R","94 min"
"Ma Rainey's Black Bottom: A Legacy Brought to Screen",NULL,"TV-PG","32 min"
"An Unremarkable Christmas","Colombia","TV-14","83 min"
"Vir Das: Outside In - The Lockdown Special","India","TV-MA","50 min"
"A California Christmas","United States","PG-13","107 min"
"The Netflix Afterparty: The Best Shows of The Worst Year","United States","TV-MA","59 min"
"A Trash Truck Christmas",NULL,"TV-Y","28 min"
"Canvas","United States","G","9 min"
"Giving Voice","United States","PG-13","91 min"
"The Prom","United States","PG-13","132 min"
"Torbaaz","India","TV-MA","133 min"
"Funny Boy","Canada, United States","TV-MA","109 min"
"Rose Island","Italy","TV-14","119 min"
"André & his olive tree","Singapore","TV-PG","104 min"
"Bobbleheads The Movie","United States","PG","83 min"
"Emicida: AmarElo - It’s All For Yesterday","Brazil","TV-MA","90 min"
"Spirit Riding Free: Ride Along Adventure","United States","TV-Y7","79 min"
"Super Monsters: Santa’s Super Monster Helpers",NULL,"TV-Y","24 min"
"Ava","United States","R","97 min"
"Mighty Express: A Mighty Christmas","Canada","TV-Y","26 min"
"Captain Underpants Mega Blissmas","United States","TV-Y7","46 min"
"Christmas Crossfire","Germany","TV-MA","106 min"
"Leyla Everlasting","Turkey","TV-MA","113 min"
"MANK","United States","R","133 min"
"You Are My Home","United States","TV-PG","93 min"
"Chico Bon Bon and the Very Berry Holiday",NULL,"TV-Y","25 min"
"Just Another Christmas","Brazil","TV-MA","101 min"
"Ari Eldjárn: Pardon My Icelandic","Iceland","TV-MA","54 min"
"Fierce","Poland","TV-MA","118 min"
"Hazel Brugger: Tropical","Germany","TV-MA","58 min"
"Angela's Christmas Wish","United States","TV-Y","48 min"
"Natalie Palamides: Nate - A One Man Show","United States","TV-MA","60 min"
"U-Turn","Philippines","TV-MA","99 min"
"Finding Agnes","Philippines","TV-PG","106 min"
"The 2nd","United States","TV-MA","93 min"
"A Go! Go! Cory Carson Christmas","United States","TV-Y","22 min"
"Dance Dreams: Hot Chocolate Nutcracker","United States","TV-PG","81 min"
"Don’t Listen","Spain","TV-MA","98 min"
"The Beast","Italy","TV-MA","100 min"
"The Call","South Korea","TV-MA","112 min"
"Larry the Cable Guy: Remain Seated","United States","TV-14","68 min"
"Mosul","United States","TV-MA","103 min"
"Ghosts of War","United Kingdom","R","95 min"
"Shawn Mendes: Live in Concert","United Kingdom, United States","TV-PG","87 min"
"The Christmas Chronicles: Part Two","Canada","PG","115 min"
"Andhaghaaram",NULL,"TV-14","171 min"
"Andhakaaram","India","TV-14","171 min"
"Dragons: Rescue Riders: Huttsgalor Holiday","United States","TV-Y","46 min"
"Hillbilly Elegy","United States","R","117 min"
"Notes for My Son","Argentina","TV-MA","84 min"
"Hard Kill","United States","R","98 min"
"Shawn Mendes: In Wonder","United States","TV-MA","83 min"
"Dolly Parton’s Christmas on the Square","United States","TV-PG","99 min"
"Alien Xmas","United States","TV-Y","42 min"
"If Anything Happens I Love You","United States","PG","13 min"
"The App That Stole Christmas","United States","TV-PG","64 min"
"The Princess Switch: Switched Again","United States","TV-G","97 min"
"Ainu Mosir","United States, Japan","TV-PG","84 min"
"Kevin Hart: Zero F**ks Given","United States","TV-MA","70 min"
"Fukrey Boyzzz: Space Mein Fukrapanti","India","TV-Y7","75 min"
"Jingle Jangle: A Christmas Journey","United States","PG","124 min"
"The Beginning of Life 2: Outside","Brazil","TV-PG","92 min"
"The Life Ahead","Italy","PG-13","95 min"
"Ludo","India","TV-MA","150 min"
"What We Wanted","Austria","TV-MA","93 min"
"Citation","Nigeria","TV-MA","151 min"
"Girl's Revenge","Taiwan","TV-MA","82 min"
"A New York Christmas Wedding","United States","TV-MA","90 min"
"Midnight at the Magnolia","Canada","TV-G","87 min"
"Operation Christmas Drop","United States","TV-G","96 min"
"Miss India","India","TV-PG","136 min"
"Felix Lobrecht: Hype","Germany","TV-MA","60 min"
"MOTHER","Japan","TV-14","127 min"
"Ya no estoy aquí: Una conversación entre Guillermo del Toro y Alfonso Cuarón",NULL,"TV-PG","15 min"
"Elf Pets: A Fox Cub’s Christmas Tale","United States","TV-Y","28 min"
"Elf Pets: Santa’s Reindeer Rescue","United States","TV-Y","27 min"
"Wheels of Fortune","United States","R","107 min"
"His House","United Kingdom","TV-14","93 min"
"Kaali Khuhi","India","TV-14","91 min"
"Rogue City","France","TV-MA","116 min"
"The Day of the Lord","Mexico, Spain","TV-MA","93 min"
"Holidate","United States","TV-MA","105 min"
"Nobody Sleeps in the Woods Tonight","Poland","TV-MA","103 min"
"Secrets of the Saqqara Tomb","United States","TV-PG","114 min"
"Guillermo Vilas: Settling the Score","Argentina","TV-14","95 min"
"Sarah Cooper: Everything's Fine","United States","TV-MA","50 min"
"Over the Moon","China, United States","PG","100 min"
"Cadaver","Norway","TV-MA","87 min"
"Yes, God, Yes","United States","R","78 min"
"Brave Blue World: Racing to Solve Our Water Crisis","Canada, United Kingdom","TV-PG","51 min"
"Rebecca","United Kingdom","PG-13","123 min"
"The Magic School Bus Rides Again The Frizz Connection","Canada","TV-Y","46 min"
"Tremors: Shrieker Island","United States","PG-13","102 min"
"I Am Vengeance: Retaliation","United Kingdom","R","82 min"
"The Trial of the Chicago 7","United States, United Kingdom, India","R","130 min"
"A Babysitter's Guide to Monster Hunting","United States","TV-PG","99 min"
"Love Like the Falling Rain","Indonesia","TV-14","87 min"
"Rooting for Roona","India","TV-PG","42 min"
"A Choo","Taiwan","TV-14","101 min"
"BLACKPINK: Light Up the Sky","United States","TV-14","80 min"
"The Three Deaths of Marisela Escobedo","Mexico","TV-MA","110 min"
"Octonauts & the Great Barrier Reef","United Kingdom","TV-Y","47 min"
"Ginny Weds Sunny","India","TV-MA","126 min"
"Super Monsters: Dia de los Monsters","Canada","TV-Y","25 min"
"The Forty-Year-Old Version","United States","R","124 min"
"Bigflo & Oli: Hip Hop Frenzy","France","TV-MA","100 min"
"Hubie Halloween","United States","PG-13","104 min"
"American Pie 9: Girls' Rules","United States","R","96 min"
"StarBeam: Halloween Hero","Canada","TV-Y","33 min"
"David Attenborough: A Life on Our Planet","United States, United Kingdom","PG","84 min"
"Best Wishes, Warmest Regards: A Schitt's Creek Farewell","Canada","TV-MA","44 min"
"A Go! Go! Cory Carson Halloween",NULL,"TV-Y","22 min"
"Òlòtūré","Nigeria","TV-MA","107 min"
"Serious Men","India","TV-MA","115 min"
"The Binding","Italy","TV-MA","93 min"
"Vampires vs. the Bronx","United States","PG-13","86 min"
"You've Got This","Mexico","TV-MA","112 min"
"All Because of You","Malaysia","TV-PG","102 min"
"The Book of Sun","Saudi Arabia","TV-14","120 min"
"The Outpost","United States, Bulgaria","R","123 min"
"American Murder: The Family Next Door","United States","TV-MA","84 min"
"The Boys in the Band","United States","R","122 min"
"The Boys in the Band: Something Personal","United States","TV-MA","28 min"
"Michelle Buteau: Welcome to Buteaupia","United States","TV-MA","59 min"
"Welcome to Sudden Death","United States","R","80 min"
"Enola Holmes","United Kingdom","PG-13","124 min"
"Kiss the Ground","United States","TV-G","85 min"
"A Love Song for Latasha","United States","TV-PG","20 min"
"Dolly Kitty Aur Woh Chamakte Sitare","India","TV-MA","120 min"
"Whipped","Indonesia","TV-14","98 min"
"GIMS: On the Record","France","TV-MA","96 min"
"Horrid Henry's Gross Day Out","United Kingdom","TV-Y","61 min"
"Residue","United States","TV-MA","90 min"
"The Devil All The Time","United States","R","139 min"
"The Paramedic","Spain","TV-MA","94 min"
"Hope Frozen: A Quest to Live Twice","Thailand, United States","TV-PG","80 min"
"Michael McIntyre: Showman","United Kingdom","TV-MA","63 min"
"Wish Upon a Unicorn",NULL,"PG","93 min"
"Dad Wanted","Mexico","TV-14","103 min"
"Pets United","Germany, China, United Kingdom","TV-Y7","93 min"
"The Babysitter: Killer Queen","United States","TV-MA","102 min"
"Cargo","India","TV-14","113 min"
"Cuties","France","TV-MA","96 min"
"So Much Love to Give","Argentina","TV-14","108 min"
"The Social Dilemma","United States","PG-13","94 min"
"#Alive","South Korea","TV-MA","99 min"
"My Octopus Teacher","South Africa","TV-G","86 min"
"Villain","United Kingdom","R","97 min"
"I'm Thinking of Ending Things","United States","R","135 min"
"Afonso Padilha: Classless","Brazil","TV-MA","63 min"
"Love, Guaranteed","United States","TV-PG","91 min"
"Freaks – You're One of Us","Germany","TV-MA","93 min"
"Sky Tour: The Movie","Vietnam","TV-G","93 min"
"Barbie Princess Adventure","Netherlands","TV-Y","72 min"
"The Boss Baby: Get That Baby!","United States","TV-Y7","115 min"
"The Match","Italy","TV-MA","97 min"
"True: Friendship Day","Canada","TV-Y","24 min"
"Maniyarayile Ashokan","India","TV-14","110 min"
"The Debt Collector 2","United States","TV-MA","97 min"
"All Together Now","United States","PG","94 min"
"Santana","South Africa, Angola","TV-MA","107 min"
"Unknown Origins","Spain","TV-MA","97 min"
"The Bridge Curse","Taiwan","TV-MA","88 min"
"Making The Witcher","United States","TV-MA","33 min"
"Rising Phoenix","United Kingdom","PG-13","107 min"
"Class of '83","India","TV-14","98 min"
"Dark Forces","Mexico","TV-MA","81 min"
"The Sleepover","United States","TV-PG","104 min"
"John Was Trying to Contact Aliens","United States","TV-PG","17 min"
"The Crimes That Bind","Argentina","TV-14","100 min"
"Little Singham: Kaal Ka Badla",NULL,"TV-Y7","70 min"
"Crazy Awesome Teachers","Indonesia","TV-PG","102 min"
"Beyond the Boundary: ICC Women's T20 World Cup Australia 2020",NULL,"TV-G","59 min"
"Fearless","Canada","TV-Y7","92 min"
"Octonauts & the Caves of Sac Actun","United Kingdom","TV-Y","72 min"
"Project Power","United States","R","113 min"
"Gunjan Saxena: The Kargil Girl","India","TV-14","113 min"
"Rob Schneider: Asian Momma, Mexican Kids","United States","TV-MA","44 min"
"The Lost Husband","United States","PG-13","110 min"
"We Summon the Darkness","United States, Canada, United Kingdom","R","90 min"
"Berlin, Berlin: Lolle on the Run","Germany","TV-MA","82 min"
"The Magic School Bus Rides Again Kids In Space","United States","TV-Y","46 min"
"Work It","United States","TV-14","94 min"
"Nasha Natasha","Uruguay","TV-PG","72 min"
"Anelka: Misunderstood","France","TV-14","95 min"
"A Go! Go! Cory Carson Summer Camp",NULL,"TV-Y","21 min"
"Malibu Rescue: The Next Wave","United States","TV-G","71 min"
"Sam Jay: 3 In The Morning","United States","TV-MA","64 min"
"Almost Love","United States","TV-MA","92 min"
"Rogue Warfare: The Hunt","United States","R","104 min"
"Super Monsters: The New Class","Canada","TV-Y","25 min"
"Tumi or not Tumi",NULL,"TV-MA","72 min"
"Latte and the Magic Waterstone","Germany","TV-Y","83 min"
"Raat Akeli Hai","India","TV-MA","150 min"
"Seriously Single","South Africa","TV-MA","108 min"
"Sugar High","United States","TV-G","44 min"
"Uma Maheswara Ugra Roopasya","India","TV-MA","137 min"
"Shine Your Eyes","Brazil, France","TV-MA","103 min"
"The Hater","Poland","TV-MA","136 min"
"The Speed Cubers","United States","TV-PG","41 min"
"Banana Split","United States","TV-MA","84 min"
"Door Ke Darshan","India","TV-14","114 min"
"Double World","China","TV-14","110 min"
"Animal Crackers","China, Spain, South Korea, United States","TV-Y7","106 min"
"Dragons: Rescue Riders: Secrets of the Songwing","United States","TV-Y","46 min"
"Offering to the Storm","Spain, Germany","TV-MA","140 min"
"Romance Doll","Japan","TV-MA","124 min"
"The Kissing Booth 2","United Kingdom, United States","TV-14","133 min"
"The Larva Island Movie","South Korea","TV-Y7","91 min"
"Jack Whitehall: I'm Only Joking","United Kingdom","TV-MA","58 min"
"Father Soldier Son","United States","R","100 min"
"Fatal Affair","United States","TV-14","90 min"
"Little Singham: Legend of Dugabakka",NULL,"TV-Y7","68 min"
"The Players","Italy","TV-MA","89 min"
"Urzila Carlson: Overqualified Loser","Australia","TV-MA","62 min"
"We Are One","France","TV-MA","86 min"
"The Claudia Kishi Club","United States","TV-14","17 min"
"The Old Guard","United States","R","126 min"
"Mucho Mucho Amor: The Legend of Walter Mercado","United States","TV-14","96 min"
"Jim Jefferies: Intolerant",NULL,"TV-MA","67 min"
"PNL - Dans la légende tour",NULL,"TV-MA","65 min"
"Desperados","United States","TV-MA","107 min"
"Hunter in the Blue Side of Manchester","Indonesia, United Kingdom","TV-MA","89 min"
"Thiago Ventura: POKAS","Brazil","TV-MA","82 min"
"Adú","Spain","TV-MA","120 min"
"Under the Riccione Sun","Italy","TV-MA","102 min"
"George Lopez: We'll Do It For Half","United States","TV-MA","52 min"
"#FriendButMarried 2","Indonesia","TV-G","104 min"
"Ride Like a Girl","Australia","PG","99 min"
"Eurovision Song Contest: The Story of Fire Saga","United States","PG-13","124 min"
"Krishna and His Leela","India","TV-MA","126 min"
"Athlete A","United States","PG-13","104 min"
"Bulbbul","India","TV-MA","94 min"
"Nobody Knows I'm Here","Chile","TV-MA","92 min"
"Eric Andre: Legalize Everything","United States","TV-MA","52 min"
"Kappela","India","TV-14","112 min"
"Chaman Bahaar","India","TV-MA","112 min"
"Disclosure","United States","TV-MA","108 min"
"Feel the Beat","United States","TV-G","110 min"
"Lost Bullet","France","TV-MA","93 min"
"One-Way to Tomorrow","Turkey","TV-MA","90 min"
"Wasp Network","France, Brazil, Spain, Belgium","TV-MA","128 min"
"A Whisker Away","Japan","TV-PG","104 min"
"El límite infinito",NULL,"TV-PG","48 min"
"One Take","Thailand","TV-G","86 min"
"Riding Faith","United States","TV-PG","81 min"
"Asura Guru","India","TV-14","117 min"
"Milea","Indonesia","TV-14","100 min"
"Axone","India","TV-MA","101 min"
"Da 5 Bloods","United States","R","156 min"
"Jo Koy: In His Elements","United States","TV-MA","55 min"
"365 Days","Poland","TV-MA","114 min"
"Forensic","India","TV-14","132 min"
"The Night Clerk","United States","R","90 min"
"Choked: Paisa Bolta Hai","India","TV-14","114 min"
"The Last Days of American Crime","United States","TV-MA","149 min"
"Spelling the Dream","United States","TV-G","83 min"
"True: Rainbow Rescue","Canada","TV-Y","24 min"
"Chippa","India","TV-14","92 min"
"The Half Of It","United States","PG-13","105 min"
"Kenny Sebastian: The Most Interesting Person in the Room","India","TV-MA","68 min"
"Intuition","Argentina","TV-MA","116 min"
"Hannah Gadsby: Douglas","Australia","TV-MA","73 min"
"One Day We'll Talk About Today","Indonesia","TV-G","128 min"
"Si Doel the Movie 3","Indonesia","TV-G","93 min"
"The Lovebirds","United States","R","87 min"
"Ben Platt Live from Radio City Music Hall","United States","TV-PG","85 min"
"Mutiny of the Worker Bees","Mexico","TV-MA","94 min"
"What Are the Odds?","India","TV-MA","92 min"
"Malang","India","TV-MA","131 min"
"The Wrong Missy","United States","TV-MA","90 min"
"Unbreakable Kimmy Schmidt: Kimmy vs. the Reverend","United States","TV-14","190 min"
"Have a Good Trip: Adventures in Psychedelics","United States","TV-MA","86 min"
"John Henry","United States","R","92 min"
"18 Presents","Italy","TV-MA","114 min"
"Becoming","United States","PG","89 min"
"Sí, Mi Amor",NULL,"TV-MA","107 min"
"Jerry Seinfeld: 23 Hours To Kill","United States","TV-PG","61 min"
"Luccas Neto em: Acampamento de Férias 2","Brazil","TV-G","81 min"
"Death Can Wait","Colombia","TV-14","91 min"
"Roped","United States","PG","90 min"
"The Stand at Paxton County","United States","R","103 min"
"All Day and a Night","United States","R","122 min"
"Go! Go! Cory Carson: The Chrissy","United States","TV-Y","42 min"
"Mrs. Serial Killer","India","TV-MA","107 min"
"Psycho","India","TV-MA","143 min"
"Thomas & Friends: Marvelous Machinery: A New Arrival",NULL,"TV-Y","23 min"
"Thomas & Friends: Marvelous Machinery: World of Tomorrow",NULL,"TV-Y","23 min"
"Thomas & Friends: Thomas and the Royal Engine",NULL,"TV-Y","23 min"
"Dangerous Lies","United States","TV-14","97 min"
"Rich in Love","Brazil","TV-14","105 min"
"A Secret Love","United States","TV-14","83 min"
"Murder to Mercy: The Cyntoia Brown Story","United States","TV-MA","97 min"
"Love Aaj Kal","India","TV-MA","140 min"
"The Lift Boy","India","TV-MA","107 min"
"Bheeshma","India","TV-14","138 min"
"Yours Sincerely, Kanan Gill","India","TV-MA","72 min"
"Time to Hunt","South Korea","TV-MA","135 min"
"Circus of Books","United States","TV-MA","87 min"
"The Willoughbys","Canada, United States, United Kingdom","PG","92 min"
"Varane Avashyamund","India","TV-14","144 min"
"Earth and Blood","France, Belgium","TV-MA","81 min"
"Rising High","Germany","TV-MA","95 min"
"Sergio","United States","R","119 min"
"Maurício Meirelles: Generating Chaos","Brazil","TV-MA","63 min"
"World Famous Lover","India","TV-MA","147 min"
"Chris D'Elia: No Pain","United States","TV-MA","55 min"
"LA Originals","United States, Argentina","TV-MA","92 min"
"Love Wedding Repeat","United Kingdom, Italy","TV-MA","101 min"
"The Main Event","United States","TV-G","103 min"
"Tigertail","United States","PG","91 min"
"Coffee & Kareem","United States","TV-MA","88 min"
"Money Heist: The Phenomenon","Spain","TV-MA","57 min"
"Sol Levante","Japan","TV-14","5 min"
"David Batra: Elefanten i rummet","Sweden","TV-MA","77 min"
"SETHUM AAYIRAM PON","India","TV-MA","103 min"
"A truthful Mother","India","TV-Y7","85 min"
"Dave Chappelle: The Kennedy Center Mark Twain Prize for American Humor","United States","TV-MA","85 min"
"Kannum Kannum Kollaiyadithaal","India","TV-14","160 min"
"Dragons: Rescue Riders: Hunt for the Golden Dragon","United States","TV-Y","46 min"
"Maska","India","TV-MA","112 min"
"The Decline","Canada","TV-MA","83 min"
"True: Wuzzle Wegg Day","Canada","TV-Y","24 min"
"Uncorked","United States","TV-MA","104 min"
"Making Unorthodox","Germany","TV-G","21 min"
"Crip Camp: A Disability Revolution","United States","R","108 min"
"The Occupant","Spain","TV-MA","104 min"
"Tom Segura: Ball Hog","United States","TV-MA","70 min"
"A Life of Speed: The Juan Manuel Fangio Story","Argentina","TV-14","93 min"
"Ultras","Italy","TV-MA","109 min"
"Altered Carbon: Resleeved","Japan, United States","TV-MA","75 min"
"Masameer - The Movie","Saudi Arabia","TV-14","100 min"
"Bert Kreischer: Hey Big Boy","United States","TV-MA","62 min"
"Jai Mummy Di","India","TV-MA","101 min"
"Go Karts","Australia","TV-PG","103 min"
"Lost Girls","United States","R","95 min"
"Carmen Sandiego: To Steal or Not to Steal","Canada, United States","TV-Y7","82 min"
"Marc Maron: End Times Fun","United States","TV-MA","71 min"
"Sitara: Let Girls Dream","Pakistan, United States","TV-PG","16 min"
"Guilty","India","TV-MA","120 min"
"Spenser Confidential","United States","R","111 min"
"Twin Murders: the Silence of the White City","Spain","TV-MA","110 min"
"Angu Vaikuntapurathu (Malayalam)",NULL,"TV-14","162 min"
"Taylor Tomlinson: Quarter-Life Crisis","United States","TV-MA","61 min"
"Fat Ballerina - David A. Arnold","United States","TV-MA","61 min"
"Velvet Colección: Grand Finale",NULL,"TV-14","82 min"
"All The Bright Places","United States","TV-MA","109 min"
"Ala Vaikunthapurramuloo","India","TV-14","162 min"
"Pete Davidson: Alive From New York","United States","TV-MA","50 min"
"System Crasher","Germany","TV-MA","120 min"
"The Last Thing He Wanted","United States","R","116 min"
"Yeh Ballet","India","TV-MA","117 min"
"Isi & Ossi","Germany","TV-MA","113 min"
"To All the Boys: P.S. I Still Love You","United States","TV-14","102 min"
"Captain Underpants Epic Choice-o-Rama","United States","TV-Y7","81 min"
"ROAD TO ROMA","Mexico","TV-PG","73 min"
"Horse Girl","United States","R","104 min"
"Uppity: The Willy T. Ribbs Story","United States","TV-MA","106 min"
"Dragonheart: Vengeance","United States","PG-13","97 min"
"Tom Papa: You're Doing Great!","United States","TV-14","60 min"
"The Silent War","Spain","TV-MA","122 min"
"Night on Earth: Shot in the Dark","United Kingdom","TV-PG","59 min"
"37 Seconds","Japan","TV-MA","116 min"
"Miss Americana","United States","TV-MA","85 min"
"Shimla Mirchi","India","TV-14","121 min"
"Vir Das: For India","India","TV-MA","76 min"
"Airplane Mode","United States","TV-PG","97 min"
"Alex Fernández: The Best Comedian in the World","Mexico","TV-MA","51 min"
"Fortune Feimster: Sweet & Salty","United States","TV-MA","61 min"
"WHAT DID JACK DO?","United States","TV-14","17 min"
"A Fall from Grace","United States","TV-MA","121 min"
"Leslie Jones: Time Machine","United States","TV-MA","66 min"
"Bulletproof 2","United States","TV-MA","97 min"
"Live Twice, Love Once","Spain","TV-MA","102 min"
"All the Freckles in the World","Mexico","TV-14","90 min"
"Ghost Stories","India","TV-MA","145 min"
"#cats_the_mewvie","Canada","TV-14","90 min"
"Norm of the North: Family Vacation","United States","TV-Y7","89 min"
"Straight Up","United States","TV-MA","96 min"
